"year","name","team_id","bat_side","total_pa","pa_shifts","pa_shift_percent","woba_shift","pa_non_shifts","pa_non_shift_percent","woba_non_shift"
2018,"Schwarber, Kyle",112,"L",490,316,"64.5",".380",174,"35.5",".276"
2018,"Báez, Javier",112,"R",636,50,"7.9",".345",586,"92.1",".369"
2018,"Zobrist, Ben",112,"L",382,47,"12.3",".444",335,"87.7",".341"
2018,"Bryant, Kris",112,"R",450,195,"43.3",".364",255,"56.7",".354"
2018,"Heyward, Jason",112,"L",486,90,"18.5",".308",396,"81.5",".323"
2018,"Happ, Ian",112,"L",335,90,"26.9",".294",245,"73.1",".370"
2018,"Murphy, Daniel",112,"L",349,30,"8.6",".237",319,"91.4",".347"
2018,"Rizzo, Anthony",112,"L",649,406,"62.6",".365",243,"37.4",".350"
2018,"McNeil, Jeff",121,"L",242,47,"19.4",".350",195,"80.6",".372"
2018,"Bruce, Jay",121,"L",356,274,"77.0",".272",82,"23.0",".381"
2018,"Mesoraco, Devin",121,"R",271,101,"37.3",".255",170,"62.7",".330"
2018,"Conforto, Michael",121,"L",625,352,"56.3",".319",273,"43.7",".379"
2018,"Cespedes, Yoenis",121,"R",155,63,"40.6",".287",92,"59.4",".384"
2018,"Smith, Dominic",121,"L",148,106,"71.6",".273",42,"28.4",".300"
2018,"Nimmo, Brandon",121,"L",533,64,"12.0",".376",469,"88.0",".387"
2018,"Frazier, Todd",121,"R",466,209,"44.8",".297",257,"55.2",".308"
2018,"González, Adrián",121,"L",181,64,"35.4",".242",117,"64.6",".303"
2018,"Wendle, Joey",139,"L",541,45,"8.3",".397",496,"91.7",".332"
2018,"Kiermaier, Kevin",139,"L",365,95,"26.0",".274",270,"74.0",".284"
2018,"Meadows, Austin",139,"L",189,56,"29.6",".243",133,"70.4",".369"
2018,"Cron, C.J.",139,"R",558,81,"14.5",".352",477,"85.5",".346"
2018,"Pham, Tommy",139,"R",568,30,"5.3",".414",538,"94.7",".356"
2018,"Choi, Ji Man",139,"L",220,72,"32.7",".361",148,"67.3",".370"
2018,"Lowe, Brandon",139,"L",148,24,"16.2",".206",124,"83.8",".358"
2018,"Gómez, Carlos",139,"R",408,27,"6.6",".116",381,"93.4",".297"
2018,"Bauers, Jake",139,"L",388,188,"48.5",".276",200,"51.5",".337"
2018,"Williams, Mason",113,"L",131,24,"18.3",".389",107,"81.7",".298"
2018,"Votto, Joey",113,"L",616,159,"25.8",".369",457,"74.2",".371"
2018,"Suárez, Eugenio",113,"R",599,148,"24.7",".339",451,"75.3",".389"
2018,"Gennett, Scooter",113,"L",635,47,"7.4",".476",588,"92.6",".352"
2018,"Schebler, Scott",113,"L",429,124,"28.9",".365",305,"71.1",".325"
2018,"Barnhart, Tucker",113,"L",399,59,"14.8",".245",340,"85.2",".308"
2018,"Winker, Jesse",113,"L",329,60,"18.2",".379",269,"81.8",".361"
2018,"Rosario, Eddie",142,"L",576,266,"46.2",".303",310,"53.8",".376"
2018,"Polanco, Jorge",142,"L",224,111,"49.6",".375",113,"50.4",".360"
2018,"Castro, Jason",142,"L",63,24,"38.1",".239",39,"61.9",".246"
2018,"Mauer, Joe",142,"L",526,50,"9.5",".254",476,"90.5",".326"
2018,"Sanó, Miguel",142,"R",288,29,"10.1",".295",259,"89.9",".296"
2018,"Morrison, Logan",142,"L",348,259,"74.4",".292",89,"25.6",".286"
2018,"Adrianza, Ehire",142,"L",269,41,"15.2",".325",228,"84.8",".285"
2018,"Cave, Jake",142,"L",307,43,"14.0",".328",264,"86.0",".333"
2018,"Austin, Tyler",142,"R",268,45,"16.8",".524",223,"83.2",".285"
2018,"Grossman, Robbie",142,"L",302,69,"22.8",".256",233,"77.2",".330"
2018,"Kepler, Max",142,"L",602,193,"32.1",".373",409,"67.9",".288"
2018,"Marte, Jefry",108,"R",209,45,"21.5",".234",164,"78.5",".294"
2018,"Valbuena, Luis",108,"L",285,201,"70.5",".238",84,"29.5",".288"
2018,"Cowart, Kaleb",108,"L",95,50,"52.6",".115",45,"47.4",".303"
2018,"Simmons, Andrelton",108,"R",597,41,"6.9",".380",556,"93.1",".321"
2018,"Trout, Mike",108,"R",583,172,"29.5",".417",411,"70.5",".459"
2018,"Ohtani, Shohei",108,"L",364,170,"46.7",".321",194,"53.3",".450"
2018,"Upton, Justin",108,"R",612,103,"16.8",".397",509,"83.2",".338"
2018,"Calhoun, Kole",108,"L",549,401,"73.0",".274",148,"27.0",".309"
2018,"Pujols, Albert",108,"R",495,222,"44.8",".295",273,"55.2",".303"
2018,"Young, Chris",108,"R",128,58,"45.3",".210",70,"54.7",".317"
2018,"Cozart, Zack",108,"R",253,46,"18.2",".287",207,"81.8",".290"
2018,"Gattis, Evan",117,"R",449,62,"13.8",".435",387,"86.2",".291"
2018,"Reddick, Josh",117,"L",482,141,"29.3",".362",341,"70.7",".290"
2018,"Fisher, Derek",117,"L",86,20,"23.3",".159",66,"76.7",".279"
2018,"Bregman, Alex",117,"R",703,132,"18.8",".402",571,"81.2",".394"
2018,"Maldonado, Martín",117,"R",404,30,"7.4",".333",374,"92.6",".270"
2018,"McCann, Brian",117,"L",216,146,"67.6",".266",70,"32.4",".327"
2018,"Springer, George",117,"R",617,27,"4.4",".311",590,"95.6",".341"
2018,"Gonzalez, Marwin",117,"L",368,96,"26.1",".374",272,"73.9",".298"
2018,"Freeman, Freddie",144,"L",694,464,"66.9",".366",230,"33.1",".404"
2018,"Tucker, Preston",144,"L",183,101,"55.2",".274",82,"44.8",".348"
2018,"Duvall, Adam",144,"R",424,155,"36.6",".267",269,"63.4",".284"
2018,"Albies, Ozzie",144,"L",485,145,"29.9",".249",340,"70.1",".322"
2018,"Markakis, Nick",144,"L",694,34,"4.9",".362",660,"95.1",".344"
2018,"Suzuki, Kurt",144,"R",387,73,"18.9",".354",314,"81.1",".331"
2018,"Camargo, Johan",144,"L",365,33,"9.0",".328",332,"91.0",".347"
2018,"Duda, Lucas",144,"L",365,306,"83.8",".315",59,"16.2",".320"
2018,"Acuña Jr., Ronald",144,"R",485,160,"33.0",".436",325,"67.0",".364"
2018,"Belt, Brandon",137,"L",450,340,"75.6",".319",110,"24.4",".351"
2018,"Crawford, Brandon",137,"L",581,59,"10.2",".385",522,"89.8",".297"
2018,"Longoria, Evan",137,"R",509,116,"22.8",".336",393,"77.2",".282"
2018,"Myers, Wil",135,"R",341,53,"15.5",".382",288,"84.5",".316"
2018,"Asuaje, Carlos",135,"L",212,67,"31.6",".262",145,"68.4",".254"
2018,"Renfroe, Hunter",135,"R",435,120,"27.6",".352",315,"72.4",".335"
2018,"Villanueva, Christian",135,"R",368,86,"23.4",".249",282,"76.6",".354"
2018,"Hedges, Austin",135,"R",323,32,"9.9",".206",291,"90.1",".312"
2018,"Lopez, Raffy",135,"L",107,29,"27.1",".158",78,"72.9",".240"
2018,"Hosmer, Eric",135,"L",651,67,"10.3",".358",584,"89.7",".300"
2018,"Goodwin, Brian",118,"L",180,43,"23.9",".322",137,"76.1",".308"
2018,"Perez, Salvador",118,"R",544,130,"23.9",".260",414,"76.1",".318"
2018,"Gordon, Alex",118,"L",564,324,"57.4",".300",240,"42.6",".310"
2018,"Soler, Jorge",118,"R",257,31,"12.1",".372",226,"87.9",".352"
2018,"O'Hearn, Ryan",118,"L",170,28,"16.5",".536",142,"83.5",".371"
2018,"Dozier, Hunter",118,"R",388,28,"7.2",".126",360,"92.8",".303"
2018,"Phillips, Brett",118,"L",147,30,"20.4",".224",117,"79.6",".252"
2018,"Castellanos, Nick",116,"R",673,126,"18.7",".384",547,"81.3",".358"
2018,"Jones, JaCoby",116,"R",467,38,"8.1",".417",429,"91.9",".261"
2018,"McCann, James",116,"R",457,63,"13.8",".284",394,"86.2",".252"
2018,"Candelario, Jeimer",116,"L",455,143,"31.4",".308",312,"68.6",".284"
2018,"Machado, Dixon",116,"R",232,37,"15.9",".195",195,"84.1",".254"
2018,"Martinez, Victor",116,"L",372,256,"68.8",".273",116,"31.2",".287"
2018,"Goodrum, Niko",116,"L",360,97,"26.9",".327",263,"73.1",".308"
2018,"Aguilar, Jesús",158,"R",563,72,"12.8",".483",491,"87.2",".358"
2018,"Shaw, Travis",158,"L",580,134,"23.1",".393",446,"76.9",".339"
2018,"Schoop, Jonathan",158,"R",499,67,"13.4",".339",432,"86.6",".282"
2018,"Granderson, Curtis",158,"L",401,312,"77.8",".361",89,"22.2",".275"
2018,"Miller, Brad",158,"L",254,36,"14.2",".268",218,"85.8",".317"
2018,"Moustakas, Mike",158,"L",630,337,"53.5",".286",293,"46.5",".377"
2018,"Thames, Eric",158,"L",274,196,"71.5",".299",78,"28.5",".408"
2018,"Goldschmidt, Paul",109,"R",679,84,"12.4",".409",595,"87.6",".387"
2018,"Descalso, Daniel",109,"L",421,77,"18.3",".365",344,"81.7",".335"
2018,"Pollock, AJ",109,"R",458,90,"19.7",".379",368,"80.3",".328"
2018,"Peralta, David",109,"L",609,31,"5.1",".311",578,"94.9",".371"
2018,"Escobar, Eduardo",109,"L",406,134,"33.0",".294",272,"67.0",".383"
2018,"Lamb, Jake",109,"L",238,152,"63.9",".281",86,"36.1",".304"
2018,"Avila, Alex",109,"L",232,171,"73.7",".276",61,"26.3",".265"
2018,"Puig, Yasiel",119,"R",440,33,"7.5",".445",407,"92.5",".342"
2018,"Muncy, Max",119,"L",470,234,"49.8",".396",236,"50.2",".417"
2018,"Pederson, Joc",119,"L",434,163,"37.6",".361",271,"62.4",".346"
2018,"Grandal, Yasmani",119,"L",381,206,"54.1",".329",175,"45.9",".394"
2018,"Machado, Manny",119,"R",691,84,"12.2",".327",607,"87.8",".383"
2018,"Kemp, Matt",119,"R",491,52,"10.6",".326",439,"89.4",".343"
2018,"Dozier, Brian",119,"R",618,272,"44.0",".339",346,"56.0",".279"
2018,"Utley, Chase",119,"L",177,58,"32.8",".228",119,"67.2",".292"
2018,"Bellinger, Cody",119,"L",612,335,"54.7",".338",277,"45.3",".356"
2018,"Realmuto, J.T.",146,"R",529,33,"6.2",".347",496,"93.8",".354"
2018,"Dietrich, Derek",146,"L",548,120,"21.9",".339",428,"78.1",".321"
2018,"Castro, Starlin",146,"R",639,20,"3.1",".420",619,"96.9",".311"
2018,"Anderson, Brian",146,"R",663,27,"4.1",".364",636,"95.9",".331"
2018,"Joseph, Caleb",110,"R",280,33,"11.8",".377",247,"88.2",".234"
2018,"Davis, Chris",110,"L",520,479,"92.1",".245",41,"7.9",".171"
2018,"Jones, Adam",110,"R",612,41,"6.7",".367",571,"93.3",".312"
2018,"Rasmus, Colby",110,"L",49,44,"89.8",".198",5,"10.2",".176"
2018,"Sisco, Chance",110,"L",184,52,"28.3",".270",132,"71.7",".255"
2018,"Stewart, DJ",110,"L",47,29,"61.7",".384",18,"38.3",".356"
2018,"Santander, Anthony",110,"L",79,30,"38.0",".178",49,"62.0",".237"
2018,"Alvarez, Pedro",110,"L",127,107,"84.3",".319",20,"15.7",".224"
2018,"Beckham, Tim",110,"R",402,20,"5.0",".399",382,"95.0",".282"
2018,"Trumbo, Mark",110,"R",358,45,"12.6",".424",313,"87.4",".315"
2018,"Polanco, Gregory",134,"L",529,182,"34.4",".363",347,"65.6",".348"
2018,"Harrison, Josh",134,"R",373,44,"11.8",".133",329,"88.2",".305"
2018,"Moran, Colin",134,"L",461,156,"33.8",".280",305,"66.2",".344"
2018,"Bell, Josh",134,"L",423,77,"18.2",".219",346,"81.8",".368"
2018,"Marte, Starling",134,"R",603,30,"5.0",".321",573,"95.0",".338"
2018,"Calhoun, Willie",140,"L",108,29,"26.9",".320",79,"73.1",".241"
2018,"Gallo, Joey",140,"L",573,483,"84.3",".330",90,"15.7",".414"
2018,"Choo, Shin-Soo",140,"L",663,291,"43.9",".362",372,"56.1",".350"
2018,"Odor, Rougned",140,"L",533,355,"66.6",".315",178,"33.4",".343"
2018,"Chirinos, Robinson",140,"R",425,50,"11.8",".229",375,"88.2",".346"
2018,"Mazara, Nomar",140,"L",534,157,"29.4",".396",377,"70.6",".293"
2018,"Robinson, Drew",140,"L",125,46,"36.8",".226",79,"63.2",".289"
2018,"Profar, Jurickson",140,"L",406,77,"19.0",".313",329,"81.0",".347"
2018,"Guzmán, Ronald",140,"L",426,104,"24.4",".278",322,"75.6",".323"
2018,"Martinez, J.D.",111,"R",638,147,"23.0",".401",491,"77.0",".435"
2018,"Kinsler, Ian",111,"R",534,103,"19.3",".335",431,"80.7",".289"
2018,"Swihart, Blake",111,"L",143,45,"31.5",".297",98,"68.5",".340"
2018,"Devers, Rafael",111,"L",484,53,"11.0",".295",431,"89.0",".312"
2018,"Moreland, Mitch",111,"L",456,310,"68.0",".296",146,"32.0",".389"
2018,"Betts, Mookie",111,"R",605,67,"11.1",".477",538,"88.9",".446"
2018,"Pearce, Steve",111,"R",251,44,"17.5",".329",207,"82.5",".393"
2018,"Bradley Jr., Jackie",111,"L",532,275,"51.7",".249",257,"48.3",".376"
2018,"Benintendi, Andrew",111,"L",659,128,"19.4",".370",531,"80.6",".351"
2018,"León, Sandy",111,"L",206,48,"23.3",".143",158,"76.7",".258"
2018,"González, Carlos",115,"L",500,272,"54.4",".316",228,"45.6",".365"
2018,"Arenado, Nolan",115,"R",663,72,"10.9",".417",591,"89.1",".387"
2018,"Blackmon, Charlie",115,"L",694,207,"29.8",".374",487,"70.2",".365"
2018,"Story, Trevor",115,"R",652,76,"11.7",".396",576,"88.3",".383"
2018,"Dahl, David",115,"L",267,51,"19.1",".262",216,"80.9",".380"
2018,"Walker, Neil",147,"L",313,178,"56.9",".309",135,"43.1",".312"
2018,"Torres, Gleyber",147,"R",481,69,"14.3",".327",412,"85.7",".353"
2018,"Hicks, Aaron",147,"L",414,243,"58.7",".357",171,"41.3",".381"
2018,"McCutchen, Andrew",147,"R",680,228,"33.5",".382",452,"66.5",".331"
2018,"Voit, Luke",147,"R",161,33,"20.5",".474",128,"79.5",".440"
2018,"Sánchez, Gary",147,"R",374,160,"42.8",".353",214,"57.2",".267"
2018,"Andujar, Miguel",147,"R",604,58,"9.6",".362",546,"90.4",".361"
2018,"Judge, Aaron",147,"R",495,126,"25.5",".387",369,"74.5",".392"
2018,"Gregorius, Didi",147,"L",566,120,"21.2",".298",446,"78.8",".364"
2018,"Stanton, Giancarlo",147,"R",699,151,"21.6",".375",548,"78.4",".356"
2018,"Bird, Greg",147,"L",310,242,"78.1",".293",68,"21.9",".285"
2018,"Healy, Ryon",136,"R",524,82,"15.6",".202",442,"84.4",".314"
2018,"Zunino, Mike",136,"R",405,151,"37.3",".301",254,"62.7",".280"
2018,"Cruz, Nelson",136,"R",586,113,"19.3",".285",473,"80.7",".379"
2018,"Haniger, Mitch",136,"R",679,126,"18.6",".304",553,"81.4",".381"
2018,"Canó, Robinson",136,"L",345,45,"13.0",".396",300,"87.0",".360"
2018,"Seager, Kyle",136,"L",626,444,"70.9",".286",182,"29.1",".294"
2018,"Span, Denard",136,"L",500,77,"15.4",".325",423,"84.6",".332"
2018,"Vogelbach, Daniel",136,"L",102,61,"59.8",".361",41,"40.2",".234"
2018,"Herrmann, Chris",136,"L",87,37,"42.5",".188",50,"57.5",".419"
2018,"Knapp, Andrew",143,"L",173,34,"19.7",".368",139,"80.3",".238"
2018,"Bour, Justin",143,"L",489,224,"45.8",".331",265,"54.2",".318"
2018,"Cabrera, Asdrúbal",143,"L",423,236,"55.8",".365",187,"44.2",".337"
2018,"Williams, Nick",143,"L",442,35,"7.9",".311",407,"92.1",".327"
2018,"Crawford, J.P.",143,"L",137,20,"14.6",".247",117,"85.4",".325"
2018,"Hoskins, Rhys",143,"R",652,284,"43.6",".386",368,"56.4",".350"
2018,"Santana, Carlos",143,"R",171,20,"11.7",".185",151,"88.3",".375"
2018,"Bautista, José",143,"R",393,161,"41.0",".330",232,"59.0",".318"
2018,"Cozens, Dylan",143,"L",44,27,"61.4",".162",17,"38.6",".407"
2018,"Franco, Maikel",143,"R",457,63,"13.8",".338",394,"86.2",".328"
2018,"Santana, Carlos",143,"L",496,424,"85.5",".327",72,"14.5",".326"
2018,"Joyce, Matt",133,"L",244,178,"73.0",".317",66,"27.0",".250"
2018,"Semien, Marcus",133,"R",701,65,"9.3",".289",636,"90.7",".310"
2018,"Fowler, Dustin",133,"L",203,31,"15.3",".136",172,"84.7",".286"
2018,"Davis, Khris",133,"R",647,135,"20.9",".354",512,"79.1",".370"
2018,"Piscotty, Stephen",133,"R",604,40,"6.6",".412",564,"93.4",".345"
2018,"Lowrie, Jed",133,"L",468,131,"28.0",".289",337,"72.0",".391"
2018,"Chapman, Matt",133,"R",615,103,"16.7",".429",512,"83.3",".358"
2018,"Olson, Matt",133,"L",656,397,"60.5",".361",259,"39.5",".309"
2018,"Díaz, Aledmys",141,"R",450,34,"7.6",".332",416,"92.4",".320"
2018,"Smoak, Justin",141,"R",192,32,"16.7",".330",160,"83.3",".299"
2018,"Smoak, Justin",141,"L",400,358,"89.5",".370",42,"10.5",".375"
2018,"Grichuk, Randal",141,"R",462,137,"29.7",".363",325,"70.3",".330"
2018,"Hernández, Teoscar",141,"R",523,43,"8.2",".380",480,"91.8",".323"
2018,"Solarte, Yangervis",141,"L",332,160,"48.2",".303",172,"51.8",".254"
2018,"Morales, Kendrys",141,"L",315,204,"64.8",".393",111,"35.2",".313"
2018,"McKinney, Billy",141,"L",132,56,"42.4",".257",76,"57.6",".392"
2018,"Pillar, Kevin",141,"R",542,31,"5.7",".339",511,"94.3",".300"
2018,"Tellez, Rowdy",141,"L",73,27,"37.0",".202",46,"63.0",".504"
2018,"Ozuna, Marcell",138,"R",625,50,"8.0",".374",575,"92.0",".322"
2018,"Fowler, Dexter",138,"L",262,114,"43.5",".281",148,"56.5",".249"
2018,"DeJong, Paul",138,"R",488,41,"8.4",".318",447,"91.6",".321"
2018,"Adams, Matt",138,"L",334,219,"65.6",".307",115,"34.4",".385"
2018,"Wong, Kolten",138,"L",404,24,"5.9",".330",380,"94.1",".314"
2018,"Carpenter, Matt",138,"L",659,549,"83.3",".368",110,"16.7",".412"
2018,"Gyorko, Jedd",138,"R",402,63,"15.7",".315",339,"84.3",".336"
2018,"Ramírez, José",114,"L",481,255,"53.0",".371",226,"47.0",".448"
2018,"Encarnación, Edwin",114,"R",565,312,"55.2",".365",253,"44.8",".326"
2018,"Gomes, Yan",114,"R",427,74,"17.3",".358",353,"82.7",".318"
2018,"Kipnis, Jason",114,"L",588,188,"32.0",".282",400,"68.0",".324"
2018,"Brantley, Michael",114,"L",618,136,"22.0",".400",482,"78.0",".344"
2018,"Martin, Leonys",114,"L",352,87,"24.7",".246",265,"75.3",".348"
2018,"Alonso, Yonder",114,"L",564,368,"65.2",".330",196,"34.8",".299"
2018,"Lindor, Francisco",114,"L",531,104,"19.6",".369",427,"80.4",".346"
2018,"Harper, Bryce",120,"L",679,350,"51.5",".350",329,"48.5",".403"
2018,"Reynolds, Mark",120,"R",234,63,"26.9",".345",171,"73.1",".341"
2018,"Taylor, Michael A.",120,"R",383,49,"12.8",".364",334,"87.2",".268"
2018,"Soto, Juan",120,"L",484,27,"5.6",".311",457,"94.4",".397"
2018,"Wieters, Matt",120,"L",214,82,"38.3",".252",132,"61.7",".339"
2018,"Thompson, Trayce",145,"R",136,20,"14.7",".445",116,"85.3",".113"
2018,"García, Avisaíl",145,"R",383,28,"7.3",".182",355,"92.7",".314"
2018,"Delmonico, Nicky",145,"L",317,134,"42.3",".229",183,"57.7",".339"
2018,"Davidson, Matt",145,"R",496,111,"22.4",".356",385,"77.6",".312"
2018,"Moncada, Yoán",145,"L",481,174,"36.2",".309",307,"63.8",".339"
2018,"Palka, Daniel",145,"L",446,210,"47.1",".355",236,"52.9",".306"
2018,"Narváez, Omar",145,"L",321,27,"8.4",".337",294,"91.6",".349"
2018,"Castillo, Welington",145,"R",180,32,"17.8",".383",148,"82.2",".281"
2018,"Quintana, Jose",112,"R",58,0,"0.0",".000",58,"100.0",".068"
2018,"Darvish, Yu",112,"R",14,0,"0.0",".000",14,"100.0",".104"
2018,"Hamels, Cole",112,"L",27,0,"0.0",".000",27,"100.0",".172"
2018,"Montgomery, Mike",112,"L",35,0,"0.0",".000",35,"100.0",".098"
2018,"Lester, Jon",112,"L",65,0,"0.0",".000",65,"100.0",".124"
2018,"Chatwood, Tyler",112,"R",32,0,"0.0",".000",32,"100.0",".162"
2018,"Hendricks, Kyle",112,"R",66,0,"0.0",".000",66,"100.0",".085"
2018,"Caratini, Victor",112,"R",53,0,"0.0",".000",53,"100.0",".219"
2018,"Evans, Phillip",121,"R",23,0,"0.0",".000",23,"100.0",".175"
2018,"Lagares, Juan",121,"R",63,0,"0.0",".000",63,"100.0",".329"
2018,"deGrom, Jacob",121,"L",74,0,"0.0",".000",74,"100.0",".180"
2018,"d'Arnaud, Travis",121,"R",16,0,"0.0",".000",16,"100.0",".280"
2018,"Reinheimer, Jack",121,"R",35,0,"0.0",".000",35,"100.0",".224"
2018,"Guillorme, Luis",121,"L",72,0,"0.0",".000",72,"100.0",".248"
2018,"Matz, Steven",121,"R",53,0,"0.0",".000",53,"100.0",".186"
2018,"Oswalt, Corey",121,"R",19,0,"0.0",".000",19,"100.0",".000"
2018,"Lobaton, Jose",121,"R",18,0,"0.0",".000",18,"100.0",".136"
2018,"Syndergaard, Noah",121,"L",52,0,"0.0",".000",52,"100.0",".137"
2018,"Rosario, Amed",121,"R",583,0,"0.0",".000",583,"100.0",".288"
2018,"Vargas, Jason",121,"L",28,0,"0.0",".000",28,"100.0",".128"
2018,"Wheeler, Zack",121,"L",60,0,"0.0",".000",60,"100.0",".183"
2018,"Nido, Tomás",121,"R",90,0,"0.0",".000",90,"100.0",".193"
2018,"Lugo, Seth",121,"R",13,0,"0.0",".000",13,"100.0",".131"
2018,"Refsnyder, Rob",139,"R",102,0,"0.0",".000",102,"100.0",".276"
2018,"Arroyo, Christian",139,"R",59,0,"0.0",".000",59,"100.0",".323"
2018,"Moore, Adam",139,"R",20,0,"0.0",".000",20,"100.0",".301"
2018,"Smith, Mallex",139,"L",544,0,"0.0",".000",544,"100.0",".339"
2018,"Sucre, Jesús",139,"R",196,0,"0.0",".000",196,"100.0",".219"
2018,"Romano, Sal",113,"L",40,0,"0.0",".000",40,"100.0",".059"
2018,"Federowicz, Tim",113,"R",42,0,"0.0",".000",42,"100.0",".284"
2018,"Lorenzen, Michael",113,"R",34,0,"0.0",".000",34,"100.0",".432"
2018,"Castillo, Luis",113,"R",65,0,"0.0",".000",65,"100.0",".115"
2018,"Mahle, Tyler",113,"R",34,0,"0.0",".000",34,"100.0",".141"
2018,"Harvey, Matt",113,"R",57,0,"0.0",".000",57,"100.0",".089"
2018,"Reed, Cody",113,"L",12,0,"0.0",".000",12,"100.0",".057"
2018,"Trahan, Blake",113,"R",14,0,"0.0",".000",14,"100.0",".188"
2018,"Gosselin, Phil",113,"R",27,0,"0.0",".000",27,"100.0",".217"
2018,"DeSclafani, Anthony",113,"R",46,0,"0.0",".000",46,"100.0",".153"
2018,"Guerrero, Gabriel",113,"R",18,0,"0.0",".000",18,"100.0",".211"
2018,"Barnhart, Tucker",113,"R",121,0,"0.0",".000",121,"100.0",".335"
2018,"Pennington, Cliff",113,"L",30,0,"0.0",".000",30,"100.0",".180"
2018,"Cruz, Tony",113,"R",26,0,"0.0",".000",26,"100.0",".194"
2018,"Hamilton, Billy",113,"L",399,0,"0.0",".000",399,"100.0",".282"
2018,"Bailey, Homer",113,"R",34,0,"0.0",".000",34,"100.0",".123"
2018,"Hamilton, Billy",113,"R",157,0,"0.0",".000",157,"100.0",".265"
2018,"Hudson, Joe",108,"R",12,0,"0.0",".000",12,"100.0",".177"
2018,"Young Jr., Eric",108,"R",38,0,"0.0",".000",38,"100.0",".257"
2018,"Johnson, Sherman",108,"L",11,0,"0.0",".000",11,"100.0",".065"
2018,"Newcomb, Sean",144,"L",53,0,"0.0",".000",53,"100.0",".061"
2018,"Bourjos, Peter",144,"R",47,0,"0.0",".000",47,"100.0",".258"
2018,"Foltynewicz, Mike",144,"R",66,0,"0.0",".000",66,"100.0",".052"
2018,"Culberson, Charlie",144,"R",317,0,"0.0",".000",317,"100.0",".335"
2018,"Teheran, Julio",144,"R",54,0,"0.0",".000",54,"100.0",".190"
2018,"McCarthy, Brandon",144,"R",31,0,"0.0",".000",31,"100.0",".116"
2018,"Santana, Danny",144,"L",24,0,"0.0",".000",24,"100.0",".241"
2018,"Toussaint, Touki",144,"R",10,0,"0.0",".000",10,"100.0",".088"
2018,"Gausman, Kevin",144,"L",25,0,"0.0",".000",25,"100.0",".146"
2018,"Sánchez, Aníbal",144,"R",44,0,"0.0",".000",44,"100.0",".037"
2018,"Samardzija, Jeff",137,"R",11,0,"0.0",".000",11,"100.0",".088"
2018,"Slater, Austin",137,"R",223,0,"0.0",".000",223,"100.0",".287"
2018,"Hanson, Alen",137,"R",77,0,"0.0",".000",77,"100.0",".187"
2018,"Hernández, Gorkys",137,"R",450,0,"0.0",".000",450,"100.0",".292"
2018,"Cueto, Johnny",137,"R",13,0,"0.0",".000",13,"100.0",".000"
2018,"Holland, Derek",137,"L",36,0,"0.0",".000",36,"100.0",".080"
2018,"Sandoval, Pablo",137,"R",59,0,"0.0",".000",59,"100.0",".198"
2018,"Stratton, Chris",137,"R",50,0,"0.0",".000",50,"100.0",".128"
2018,"d'Arnaud, Chase",137,"R",99,0,"0.0",".000",99,"100.0",".269"
2018,"Holland, Derek",137,"R",20,0,"0.0",".000",20,"100.0",".046"
2018,"Suárez, Andrew",137,"L",51,0,"0.0",".000",51,"100.0",".082"
2018,"Rodríguez, Dereck",137,"R",39,0,"0.0",".000",39,"100.0",".094"
2018,"Tomlinson, Kelby",137,"R",152,0,"0.0",".000",152,"100.0",".239"
2018,"Blach, Ty",137,"R",34,0,"0.0",".000",34,"100.0",".073"
2018,"Avelino, Abiatal",137,"R",11,0,"0.0",".000",11,"100.0",".240"
2018,"Lauer, Eric",135,"R",35,0,"0.0",".000",35,"100.0",".094"
2018,"Galvis, Freddy",135,"R",196,0,"0.0",".000",196,"100.0",".331"
2018,"Lucchesi, Joey",135,"L",38,0,"0.0",".000",38,"100.0",".101"
2018,"Richard, Clayton",135,"L",51,0,"0.0",".000",51,"100.0",".159"
2018,"Guerra, Javy",135,"L",17,0,"0.0",".000",17,"100.0",".225"
2018,"Szczur, Matt",135,"R",76,0,"0.0",".000",76,"100.0",".256"
2018,"Mejía, Francisco",135,"R",30,0,"0.0",".000",30,"100.0",".220"
2018,"Mitchell, Bryan",135,"L",18,0,"0.0",".000",18,"100.0",".103"
2018,"Urías, Luis",135,"R",53,0,"0.0",".000",53,"100.0",".269"
2018,"Pirela, José",135,"R",457,0,"0.0",".000",457,"100.0",".287"
2018,"Nix, Jacob",135,"R",16,0,"0.0",".000",16,"100.0",".000"
2018,"Jankowski, Travis",135,"L",377,0,"0.0",".000",377,"100.0",".296"
2018,"Erlin, Robbie",135,"R",26,0,"0.0",".000",26,"100.0",".221"
2018,"Cuthbert, Cheslor",118,"R",117,0,"0.0",".000",117,"100.0",".263"
2018,"Orlando, Paulo",118,"R",93,0,"0.0",".000",93,"100.0",".176"
2018,"Gallagher, Cam",118,"R",69,0,"0.0",".000",69,"100.0",".242"
2018,"Mondesi, Adalberto",118,"R",93,0,"0.0",".000",93,"100.0",".354"
2018,"Almonte, Abraham",118,"R",46,0,"0.0",".000",46,"100.0",".165"
2018,"Torres, Ramón",118,"L",17,0,"0.0",".000",17,"100.0",".144"
2018,"Torres, Ramón",118,"R",12,0,"0.0",".000",12,"100.0",".251"
2018,"Lugo, Dawel",116,"R",101,0,"0.0",".000",101,"100.0",".255"
2018,"Castro, Harold",116,"L",10,0,"0.0",".000",10,"100.0",".264"
2018,"Kozma, Pete",116,"R",73,0,"0.0",".000",73,"100.0",".249"
2018,"Reyes, Victor",116,"R",37,0,"0.0",".000",37,"100.0",".209"
2018,"Orf, Nate",158,"R",25,0,"0.0",".000",25,"100.0",".228"
2018,"Suter, Brent",158,"L",32,0,"0.0",".000",32,"100.0",".303"
2018,"González, Gio",158,"R",55,0,"0.0",".000",55,"100.0",".088"
2018,"Pérez, Hernán",158,"R",333,0,"0.0",".000",333,"100.0",".292"
2018,"Lyles, Jordan",158,"R",20,0,"0.0",".000",20,"100.0",".115"
2018,"Anderson, Chase",158,"R",49,0,"0.0",".000",49,"100.0",".078"
2018,"Guerra, Junior",158,"R",37,0,"0.0",".000",37,"100.0",".132"
2018,"Woodruff, Brandon",158,"L",10,0,"0.0",".000",10,"100.0",".400"
2018,"Miley, Wade",158,"L",28,0,"0.0",".000",28,"100.0",".182"
2018,"Peralta, Freddy",158,"R",27,0,"0.0",".000",27,"100.0",".034"
2018,"Saladino, Tyler",158,"R",139,0,"0.0",".000",139,"100.0",".302"
2018,"Davies, Zach",158,"R",19,0,"0.0",".000",19,"100.0",".059"
2018,"Chacín, Jhoulys",158,"R",68,0,"0.0",".000",68,"100.0",".175"
2018,"Marrero, Deven",109,"R",85,0,"0.0",".000",85,"100.0",".196"
2018,"Stewart, Chris",109,"R",17,0,"0.0",".000",17,"100.0",".196"
2018,"Ray, Robbie",109,"L",44,0,"0.0",".000",44,"100.0",".075"
2018,"Godley, Zack",109,"R",65,0,"0.0",".000",65,"100.0",".095"
2018,"Corbin, Patrick",109,"L",67,0,"0.0",".000",67,"100.0",".195"
2018,"Buchholz, Clay",109,"L",36,0,"0.0",".000",36,"100.0",".091"
2018,"Greinke, Zack",109,"R",71,0,"0.0",".000",71,"100.0",".250"
2018,"Ahmed, Nick",109,"R",562,0,"0.0",".000",562,"100.0",".300"
2018,"Vargas, Ildemaro",109,"L",12,0,"0.0",".000",12,"100.0",".316"
2018,"Koch, Matt",109,"L",23,0,"0.0",".000",23,"100.0",".147"
2018,"Brito, Sócrates",109,"L",44,0,"0.0",".000",44,"100.0",".213"
2018,"Kivlehan, Patrick",109,"R",14,0,"0.0",".000",14,"100.0",".340"
2018,"Dyson, Jarrod",109,"L",234,0,"0.0",".000",234,"100.0",".242"
2018,"Buehler, Walker",119,"R",44,0,"0.0",".000",44,"100.0",".158"
2018,"Hill, Rich",119,"L",45,0,"0.0",".000",45,"100.0",".082"
2018,"Maeda, Kenta",119,"R",38,0,"0.0",".000",38,"100.0",".059"
2018,"Wood, Alex",119,"R",50,0,"0.0",".000",50,"100.0",".040"
2018,"Ryu, Hyun Jin",119,"R",30,0,"0.0",".000",30,"100.0",".282"
2018,"Kershaw, Clayton",119,"L",57,0,"0.0",".000",57,"100.0",".287"
2018,"Stripling, Ross",119,"R",35,0,"0.0",".000",35,"100.0",".085"
2018,"Chen, Wei-Yin",146,"R",42,0,"0.0",".000",42,"100.0",".141"
2018,"Cooper, Garrett",146,"R",38,0,"0.0",".000",38,"100.0",".263"
2018,"Rojas, Miguel",146,"R",521,0,"0.0",".000",521,"100.0",".279"
2018,"Richards, Trevor",146,"R",36,0,"0.0",".000",36,"100.0",".077"
2018,"Lee, Braxton",146,"L",18,0,"0.0",".000",18,"100.0",".185"
2018,"García, Jarlín",146,"L",11,0,"0.0",".000",11,"100.0",".069"
2018,"Sierra, Magneuris",146,"L",155,0,"0.0",".000",155,"100.0",".192"
2018,"Alcantara, Sandy",146,"R",13,0,"0.0",".000",13,"100.0",".053"
2018,"Dean, Austin",146,"R",122,0,"0.0",".000",122,"100.0",".281"
2018,"Rivera, Yadiel",146,"R",153,0,"0.0",".000",153,"100.0",".209"
2018,"Hernández, Elieser",146,"R",11,0,"0.0",".000",11,"100.0",".000"
2018,"Galloway, Isaac",146,"R",74,0,"0.0",".000",74,"100.0",".304"
2018,"Telis, Tomás",146,"L",24,0,"0.0",".000",24,"100.0",".256"
2018,"Straily, Dan",146,"R",43,0,"0.0",".000",43,"100.0",".275"
2018,"Ureña, José",146,"R",52,0,"0.0",".000",52,"100.0",".057"
2018,"Bostick, Christopher",146,"R",18,0,"0.0",".000",18,"100.0",".244"
2018,"López, Pablo",146,"L",18,0,"0.0",".000",18,"100.0",".196"
2018,"Prado, Martín",146,"R",209,0,"0.0",".000",209,"100.0",".263"
2018,"Smith, Caleb",146,"R",23,0,"0.0",".000",23,"100.0",".139"
2018,"Valera, Breyvic",110,"R",17,0,"0.0",".000",17,"100.0",".405"
2018,"Sardinas, Luis",110,"L",16,0,"0.0",".000",16,"100.0",".225"
2018,"Wilkerson, Stevie",110,"R",16,0,"0.0",".000",16,"100.0",".110"
2018,"Brault, Steven",134,"L",21,0,"0.0",".000",21,"100.0",".176"
2018,"Reyes, Pablo",134,"R",63,0,"0.0",".000",63,"100.0",".359"
2018,"Kingham, Nick",134,"R",25,0,"0.0",".000",25,"100.0",".141"
2018,"Kuhl, Chad",134,"R",27,0,"0.0",".000",27,"100.0",".126"
2018,"Musgrove, Joe",134,"R",35,0,"0.0",".000",35,"100.0",".154"
2018,"Taillon, Jameson",134,"R",63,0,"0.0",".000",63,"100.0",".079"
2018,"Williams, Trevor",134,"R",51,0,"0.0",".000",51,"100.0",".128"
2018,"Stallings, Jacob",134,"R",41,0,"0.0",".000",41,"100.0",".222"
2018,"Nova, Iván",134,"R",56,0,"0.0",".000",56,"100.0",".017"
2018,"Archer, Chris",134,"R",17,0,"0.0",".000",17,"100.0",".125"
2018,"Newman, Kevin",134,"R",96,0,"0.0",".000",96,"100.0",".211"
2018,"Profar, Jurickson",140,"R",187,0,"0.0",".000",187,"100.0",".341"
2018,"Tocci, Carlos",140,"R",135,0,"0.0",".000",135,"100.0",".246"
2018,"Vázquez, Christian",111,"R",268,0,"0.0",".000",268,"100.0",".240"
2018,"Pedroia, Dustin",111,"R",13,0,"0.0",".000",13,"100.0",".174"
2018,"Eovaldi, Nathan",111,"R",10,0,"0.0",".000",10,"100.0",".157"
2018,"Valaika, Pat",115,"R",133,0,"0.0",".000",133,"100.0",".207"
2018,"Gray, Jon",115,"R",61,0,"0.0",".000",61,"100.0",".115"
2018,"Castro, Daniel",115,"R",46,0,"0.0",".000",46,"100.0",".186"
2018,"Holliday, Matt",115,"R",65,0,"0.0",".000",65,"100.0",".377"
2018,"LeMahieu, DJ",115,"R",581,0,"0.0",".000",581,"100.0",".322"
2018,"Senzatela, Antonio",115,"R",29,0,"0.0",".000",29,"100.0",".089"
2018,"Hampson, Garrett",115,"R",48,0,"0.0",".000",48,"100.0",".355"
2018,"Butera, Drew",115,"R",182,0,"0.0",".000",182,"100.0",".252"
2018,"Anderson, Tyler",115,"L",60,0,"0.0",".000",60,"100.0",".133"
2018,"Desmond, Ian",115,"R",619,0,"0.0",".000",619,"100.0",".315"
2018,"Bettis, Chad",115,"R",39,0,"0.0",".000",39,"100.0",".112"
2018,"Márquez, Germán",115,"R",65,0,"0.0",".000",65,"100.0",".283"
2018,"Freeland, Kyle",115,"L",71,0,"0.0",".000",71,"100.0",".110"
2018,"Robinson, Shane",147,"R",54,0,"0.0",".000",54,"100.0",".197"
2018,"Hechavarría, Adeiny",147,"R",319,0,"0.0",".000",319,"100.0",".268"
2018,"Romine, Andrew",136,"L",88,0,"0.0",".000",88,"100.0",".240"
2018,"Negrón, Kristopher",136,"R",33,0,"0.0",".000",33,"100.0",".242"
2018,"Romine, Andrew",136,"R",43,0,"0.0",".000",43,"100.0",".205"
2018,"Suzuki, Ichiro",136,"L",47,0,"0.0",".000",47,"100.0",".212"
2018,"Beckham, Gordon",136,"R",50,0,"0.0",".000",50,"100.0",".212"
2018,"Strange-Gordon, Dee",136,"L",587,0,"0.0",".000",587,"100.0",".277"
2018,"Heredia, Guillermo",136,"R",337,0,"0.0",".000",337,"100.0",".295"
2018,"Segura, Jean",136,"R",629,0,"0.0",".000",629,"100.0",".327"
2018,"Hernández, César",143,"R",173,0,"0.0",".000",173,"100.0",".320"
2018,"Knapp, Andrew",143,"R",41,0,"0.0",".000",41,"100.0",".313"
2018,"Pivetta, Nick",143,"R",44,0,"0.0",".000",44,"100.0",".125"
2018,"Nola, Aaron",143,"R",70,0,"0.0",".000",70,"100.0",".059"
2018,"Alfaro, Jorge",143,"R",370,0,"0.0",".000",370,"100.0",".314"
2018,"Quinn, Roman",143,"L",99,0,"0.0",".000",99,"100.0",".286"
2018,"Arrieta, Jake",143,"R",50,0,"0.0",".000",50,"100.0",".177"
2018,"Eflin, Zach",143,"R",50,0,"0.0",".000",50,"100.0",".106"
2018,"Quinn, Roman",143,"R",43,0,"0.0",".000",43,"100.0",".370"
2018,"Valentín, Jesmuel",143,"R",22,0,"0.0",".000",22,"100.0",".371"
2018,"Florimón, Pedro",143,"R",14,0,"0.0",".000",14,"100.0",".327"
2018,"Lucroy, Jonathan",133,"R",453,0,"0.0",".000",453,"100.0",".271"
2018,"Powell, Boog",133,"L",25,0,"0.0",".000",25,"100.0",".211"
2018,"Urena, Richard",141,"R",23,0,"0.0",".000",23,"100.0",".332"
2018,"Urshela, Gio",141,"R",46,0,"0.0",".000",46,"100.0",".270"
2018,"Alford, Anthony",141,"R",21,0,"0.0",".000",21,"100.0",".149"
2018,"Smith Jr., Dwight",141,"L",75,0,"0.0",".000",75,"100.0",".353"
2018,"Berti, Jon",141,"R",15,0,"0.0",".000",15,"100.0",".306"
2018,"Gomber, Austin",138,"L",21,0,"0.0",".000",21,"100.0",".205"
2018,"Flaherty, Jack",138,"R",52,0,"0.0",".000",52,"100.0",".157"
2018,"Martinez, Carlos",138,"R",36,0,"0.0",".000",36,"100.0",".262"
2018,"Wacha, Michael",138,"R",32,0,"0.0",".000",32,"100.0",".094"
2018,"Ponce de Leon, Daniel",138,"R",10,0,"0.0",".000",10,"100.0",".175"
2018,"Kelly, Carson",138,"R",42,0,"0.0",".000",42,"100.0",".162"
2018,"Ross, Tyson",138,"R",46,0,"0.0",".000",46,"100.0",".206"
2018,"Wainwright, Adam",138,"R",12,0,"0.0",".000",12,"100.0",".080"
2018,"Mikolas, Miles",138,"R",71,0,"0.0",".000",71,"100.0",".181"
2018,"Gant, John",138,"R",34,0,"0.0",".000",34,"100.0",".131"
2018,"Weaver, Luke",138,"R",46,0,"0.0",".000",46,"100.0",".153"
2018,"Allen, Greg",114,"R",51,0,"0.0",".000",51,"100.0",".225"
2018,"Haase, Eric",114,"R",17,0,"0.0",".000",17,"100.0",".146"
2018,"Díaz, Yandy",114,"R",119,0,"0.0",".000",119,"100.0",".346"
2018,"Davis, Rajai",114,"R",213,0,"0.0",".000",213,"100.0",".255"
2018,"Barnes, Brandon",114,"R",21,0,"0.0",".000",21,"100.0",".330"
2018,"Cabrera, Melky",114,"R",73,0,"0.0",".000",73,"100.0",".363"
2018,"Sierra, Moisés",120,"R",60,0,"0.0",".000",60,"100.0",".191"
2018,"Eaton, Adam",120,"L",370,0,"0.0",".000",370,"100.0",".358"
2018,"Stevenson, Andrew",120,"L",87,0,"0.0",".000",87,"100.0",".273"
2018,"Roark, Tanner",120,"R",65,0,"0.0",".000",65,"100.0",".209"
2018,"Scherzer, Max",120,"R",78,0,"0.0",".000",78,"100.0",".244"
2018,"Rodriguez, Jefry",120,"R",18,0,"0.0",".000",18,"100.0",".188"
2018,"Wieters, Matt",120,"R",54,0,"0.0",".000",54,"100.0",".317"
2018,"Fedde, Erick",120,"R",17,0,"0.0",".000",17,"100.0",".092"
2018,"Sanchez, Adrián",120,"R",59,0,"0.0",".000",59,"100.0",".275"
2018,"Strasburg, Stephen",120,"R",51,0,"0.0",".000",51,"100.0",".134"
2018,"Kendrick, Howie",120,"R",159,0,"0.0",".000",159,"100.0",".342"
2018,"Hellickson, Jeremy",120,"R",34,0,"0.0",".000",34,"100.0",".069"
2018,"Reynolds, Matt",120,"R",14,0,"0.0",".000",14,"100.0",".175"
2018,"García, Leury",145,"R",84,0,"0.0",".000",84,"100.0",".343"
2018,"Cordell, Ryan",145,"R",40,0,"0.0",".000",40,"100.0",".144"
2018,"Almora Jr., Albert",112,"R",478,2,"0.4",".785",476,"99.6",".303"
2018,"Russell, Addison",112,"R",462,2,"0.4",".000",460,"99.6",".292"
2018,"Plawecki, Kevin",121,"R",270,2,"0.7",".624",268,"99.3",".288"
2018,"Gimenez, Chris",142,"R",66,2,"3.0",".880",64,"97.0",".255"
2018,"Polanco, Jorge",142,"R",109,2,"1.8",".000",107,"98.2",".275"
2018,"Briceño, José",108,"R",128,2,"1.6",".000",126,"98.4",".305"
2018,"Camargo, Johan",144,"R",155,2,"1.3",".440",153,"98.7",".347"
2018,"Headley, Chase",135,"R",14,2,"14.3",".000",12,"85.7",".133"
2018,"Viloria, Meibrys",118,"L",29,2,"6.9",".624",27,"93.1",".244"
2018,"Goodrum, Niko",116,"R",132,2,"1.5",".440",130,"98.5",".342"
2018,"Nottingham, Jacob",158,"R",24,2,"8.3",".000",22,"91.7",".302"
2018,"Seager, Corey",119,"L",114,2,"1.8",".000",112,"98.2",".330"
2018,"Barnes, Austin",119,"R",229,2,"0.9",".000",227,"99.1",".283"
2018,"Verdugo, Alex",119,"L",74,2,"2.7",".000",72,"97.3",".343"
2018,"Ortega, Rafael",146,"L",143,2,"1.4",".785",141,"98.6",".244"
2018,"Wallach, Chad",146,"R",52,2,"3.8",".440",50,"96.2",".242"
2018,"Valera, Breyvic",110,"L",56,2,"3.6",".000",54,"96.4",".218"
2018,"Moroff, Max",134,"L",39,2,"5.1",".000",37,"94.9",".243"
2018,"Díaz, Elias",134,"R",275,2,"0.7",".345",273,"99.3",".341"
2018,"Kiner-Falefa, Isiah",140,"R",395,2,"0.5",".345",393,"99.5",".301"
2018,"Andrus, Elvis",140,"R",425,2,"0.5",".000",423,"99.5",".297"
2018,"Romine, Austin",147,"R",265,2,"0.8",".785",263,"99.2",".303"
2018,"Florimón, Pedro",143,"L",63,2,"3.2",".000",61,"96.8",".298"
2018,"Barreto, Franklin",133,"R",75,2,"2.7","1.015",73,"97.3",".295"
2018,"Smolinski, Jake",133,"R",41,2,"4.9",".000",39,"95.1",".176"
2018,"Ngoepe, Gift",141,"R",19,2,"10.5",".000",17,"89.5",".092"
2018,"García, Adolis",138,"R",17,2,"11.8",".000",15,"88.2",".142"
2018,"Difo, Wilmer",120,"R",98,2,"2.0",".000",96,"98.0",".206"
2018,"Turner, Trea",120,"R",737,2,"0.3",".440",735,"99.7",".331"
2018,"Reyes, José",121,"L",182,3,"1.6",".293",179,"98.4",".250"
2018,"Jackson, Austin",121,"R",369,3,"0.8",".942",366,"99.2",".268"
2018,"den Dekker, Matthew",121,"L",21,3,"14.3",".000",18,"85.7",".077"
2018,"Duffy, Matt",139,"R",559,3,"0.5",".000",556,"99.5",".325"
2018,"Adrianza, Ehire",142,"R",95,3,"3.2",".293",92,"96.8",".302"
2018,"Astudillo, Willians",142,"R",96,3,"3.1",".293",93,"96.9",".376"
2018,"Cowart, Kaleb",108,"R",29,3,"10.3",".230",26,"89.7",".198"
2018,"Correa, Carlos",117,"R",465,3,"0.6",".907",462,"99.4",".309"
2018,"Bumgarner, Madison",137,"R",46,3,"6.5",".000",43,"93.5",".176"
2018,"Posey, Buster",137,"R",445,3,"0.7",".293",442,"99.3",".326"
2018,"Blanco, Grégor",137,"L",202,3,"1.5",".000",199,"98.5",".259"
2018,"Margot, Manuel",135,"R",506,3,"0.6",".000",503,"99.4",".293"
2018,"Goins, Ryan",118,"L",120,3,"2.5",".523",117,"97.5",".239"
2018,"Iglesias, Jose",116,"R",463,3,"0.6",".000",460,"99.4",".307"
2018,"Arcia, Orlando",158,"R",366,3,"0.8",".000",363,"99.2",".256"
2018,"Walker, Christian",109,"R",53,3,"5.7",".416",50,"94.3",".255"
2018,"Mathis, Jeff",109,"R",217,3,"1.4",".523",214,"98.6",".239"
2018,"Grandal, Yasmani",119,"R",125,3,"2.4",".230",122,"97.6",".342"
2018,"Brinson, Lewis",146,"R",399,3,"0.8",".970",396,"99.2",".245"
2018,"Luplow, Jordan",134,"R",103,3,"2.9",".646",100,"97.1",".265"
2018,"Walker, Neil",147,"R",82,3,"3.7",".240",79,"96.3",".219"
2018,"Cabrera, Asdrúbal",143,"R",163,3,"1.8",".000",160,"98.2",".281"
2018,"Valentín, Jesmuel",143,"L",67,3,"4.5",".230",64,"95.5",".209"
2018,"Plouffe, Trevor",143,"R",12,3,"25.0",".000",9,"75.0",".421"
2018,"Lowrie, Jed",133,"R",211,3,"1.4",".000",208,"98.6",".318"
2018,"Phegley, Josh",133,"R",102,3,"2.9",".000",99,"97.1",".267"
2018,"McGuire, Reese",141,"L",33,3,"9.1",".000",30,"90.9",".423"
2018,"Travis, Devon",141,"R",377,3,"0.8",".826",374,"99.2",".279"
2018,"Davis, Jonathan",141,"R",27,3,"11.1",".293",24,"88.9",".221"
2018,"Peña, Francisco",138,"R",139,3,"2.2",".230",136,"97.8",".215"
2018,"Muñoz, Yairo",138,"R",322,3,"0.9",".677",319,"99.1",".323"
2018,"Ervin, Phillip",113,"R",246,4,"1.6",".728",242,"98.4",".308"
2018,"Hermosillo, Michael",108,"R",61,4,"6.6",".312",57,"93.4",".259"
2018,"Ward, Taylor",108,"R",147,4,"2.7",".180",143,"97.3",".257"
2018,"Marisnick, Jake",117,"R",232,4,"1.7",".172",228,"98.3",".293"
2018,"Gonzalez, Marwin",117,"R",180,4,"2.2",".000",176,"97.8",".325"
2018,"Gerber, Mike",116,"L",47,4,"8.5",".000",43,"91.5",".155"
2018,"Sogard, Eric",158,"L",112,4,"3.6",".000",108,"96.4",".202"
2018,"Shuck, JB",146,"L",141,4,"2.8",".000",137,"97.2",".226"
2018,"Villar, Jonathan",110,"R",127,4,"3.1",".440",123,"96.9",".305"
2018,"Wilkerson, Stevie",110,"L",33,4,"12.1",".312",29,"87.9",".248"
2018,"Joseph, Corban",110,"L",19,4,"21.1",".220",15,"78.9",".246"
2018,"Rodríguez, Sean",134,"R",172,4,"2.3",".612",168,"97.7",".256"
2018,"Maybin, Cameron",136,"R",378,4,"1.1",".220",374,"98.9",".289"
2018,"Marjama, Mike",136,"R",29,4,"13.8",".312",25,"86.2",".155"
2018,"Pinder, Chad",133,"R",332,4,"1.2",".172",328,"98.8",".335"
2018,"González, Erik",114,"R",141,4,"2.8",".000",137,"97.2",".301"
2018,"Severino, Pedro",120,"R",209,4,"1.9",".345",205,"98.1",".219"
2018,"LaMarre, Ryan",145,"R",176,4,"2.3",".000",172,"97.7",".305"
2018,"Ciuffo, Nick",139,"L",44,5,"11.4",".000",39,"88.6",".283"
2018,"Fontana, Nolan",108,"L",12,5,"41.7",".406",7,"58.3",".099"
2018,"Fletcher, David",108,"R",307,5,"1.6",".276",302,"98.4",".297"
2018,"Ruiz, Rio",144,"L",15,5,"33.3",".420",10,"66.7",".088"
2018,"Duggar, Steven",137,"L",151,5,"3.3",".000",146,"96.7",".308"
2018,"Murphy, John Ryan",109,"R",222,5,"2.3",".406",217,"97.7",".261"
2018,"Jay, Jon",109,"L",586,5,"0.9",".282",581,"99.1",".301"
2018,"Freese, David",119,"R",311,5,"1.6",".176",306,"98.4",".360"
2018,"Taylor, Chris",119,"R",589,5,"0.8",".815",584,"99.2",".328"
2018,"Susac, Andrew",110,"R",26,5,"19.2",".000",21,"80.8",".143"
2018,"Gentry, Craig",110,"R",169,5,"3.0",".314",164,"97.0",".295"
2018,"Torreyes, Ronald",147,"R",102,5,"4.9",".000",97,"95.1",".302"
2018,"Martínez, José A.",138,"R",589,5,"0.8",".138",584,"99.2",".358"
2018,"Wisdom, Patrick",138,"R",58,5,"8.6",".138",53,"91.4",".402"
2018,"Lindor, Francisco",114,"R",196,5,"2.6",".777",191,"97.4",".418"
2018,"Naquin, Tyler",114,"L",177,5,"2.8",".176",172,"97.2",".288"
2018,"Rondón, José",145,"R",107,5,"4.7",".406",102,"95.3",".315"
2018,"Robertson, Daniel",139,"R",340,6,"1.8",".115",334,"98.2",".358"
2018,"Escobar, Alcides",118,"R",530,6,"1.1",".408",524,"98.9",".259"
2018,"Escobar, Eduardo",109,"R",207,6,"2.9",".440",201,"97.1",".336"
2018,"Holaday, Bryan",146,"R",160,6,"3.8",".115",154,"96.3",".233"
2018,"Mercer, Jordy",134,"R",427,6,"1.4",".416",421,"98.6",".295"
2018,"Swihart, Blake",111,"R",64,6,"9.4",".000",58,"90.6",".163"
2018,"Lin, Tzu-Wei",111,"L",74,6,"8.1",".115",68,"91.9",".338"
2018,"Altherr, Aaron",143,"R",285,6,"2.1",".485",279,"97.9",".278"
2018,"Pérez, Roberto",114,"R",206,6,"2.9",".262",200,"97.1",".235"
2018,"Guyer, Brandon",114,"R",216,6,"2.8",".115",210,"97.2",".307"
2018,"Robles, Victor",120,"R",66,6,"9.1",".485",60,"90.9",".358"
2018,"Montero, Miguel",120,"L",12,6,"50.0",".000",6,"50.0",".115"
2018,"Kieboom, Spencer",120,"R",143,6,"4.2",".376",137,"95.8",".286"
2018,"Moncada, Yoán",145,"R",168,6,"3.6",".376",162,"96.4",".258"
2018,"Dixon, Brandon",113,"R",124,7,"5.6",".416",117,"94.4",".236"
2018,"Garver, Mitch",142,"R",333,7,"2.1",".277",326,"97.9",".326"
2018,"Buxton, Byron",142,"R",94,7,"7.4",".402",87,"92.6",".152"
2018,"Young Jr., Eric",108,"L",78,7,"9.0",".099",71,"91.0",".250"
2018,"Flowers, Tyler",144,"R",294,7,"2.4",".323",287,"97.6",".315"
2018,"Panik, Joe",137,"L",388,7,"1.8",".764",381,"98.2",".271"
2018,"Mejía, Francisco",135,"L",32,7,"21.9",".197",25,"78.1",".367"
2018,"Herrera, Rosell",118,"L",202,7,"3.5",".000",195,"96.5",".296"
2018,"Rodríguez, Ronny",116,"R",206,7,"3.4",".389",199,"96.6",".252"
2018,"Adduci, James",116,"L",185,7,"3.8",".429",178,"96.2",".286"
2018,"Gurriel Jr., Lourdes",141,"R",262,7,"2.7",".304",255,"97.3",".323"
2018,"Zimmerman, Ryan",120,"R",322,7,"2.2",".541",315,"97.8",".347"
2018,"Difo, Wilmer",120,"L",353,7,"2.0",".224",346,"98.0",".304"
2018,"Lobaton, Jose",121,"L",39,8,"20.5",".283",31,"79.5",".248"
2018,"White, Tyler",117,"R",237,8,"3.4",".282",229,"96.6",".380"
2018,"Davis, J.D.",117,"R",113,8,"7.1",".588",105,"92.9",".190"
2018,"Rivera, René",144,"R",91,8,"8.8",".924",83,"91.2",".238"
2018,"Williamson, Mac",137,"R",105,8,"7.6",".242",97,"92.4",".302"
2018,"Wynns, Austin",110,"R",118,8,"6.8",".606",110,"93.2",".267"
2018,"Higashioka, Kyle",147,"R",79,8,"10.1",".462",71,"89.9",".224"
2018,"Wade, Tyler",147,"L",70,8,"11.4",".000",62,"88.6",".243"
2018,"Urena, Richard",141,"L",86,8,"9.3",".330",78,"90.7",".299"
2018,"Molina, Yadier",138,"R",502,8,"1.6",".336",494,"98.4",".322"
2018,"Motter, Taylor",142,"R",38,9,"23.7",".251",29,"76.3",".209"
2018,"Swanson, Dansby",144,"R",518,9,"1.7",".293",509,"98.3",".293"
2018,"Reyes, Victor",116,"L",182,9,"4.9",".000",173,"95.1",".245"
2018,"Santana, Domingo",158,"R",234,9,"3.8",".391",225,"96.2",".316"
2018,"Braun, Ryan",158,"R",438,9,"2.1",".313",429,"97.9",".331"
2018,"Turner, Justin",119,"R",423,9,"2.1",".498",414,"97.9",".394"
2018,"Rickard, Joey",110,"R",230,9,"3.9",".560",221,"96.1",".299"
2018,"Villar, Jonathan",110,"L",388,9,"2.3",".195",379,"97.7",".315"
2018,"Holt, Brock",111,"L",365,9,"2.5",".349",356,"97.5",".338"
2018,"Wolters, Tony",115,"L",214,9,"4.2",".139",205,"95.8",".266"
2018,"Candelario, Jeimer",116,"R",163,10,"6.1",".317",153,"93.9",".366"
2018,"Bell, Josh",134,"R",158,10,"6.3",".295",148,"93.7",".322"
2018,"Walding, Mitch",143,"L",19,10,"52.6",".272",9,"47.4",".077"
2018,"Martini, Nick",133,"L",178,10,"5.6",".425",168,"94.4",".353"
2018,"Maxwell, Bruce",133,"L",58,10,"17.2",".176",48,"82.8",".230"
2018,"Maile, Luke",141,"R",231,10,"4.3",".509",221,"95.7",".301"
2018,"Wilson, Bobby",142,"R",151,11,"7.3",".143",140,"92.7",".240"
2018,"Merrifield, Whit",118,"R",705,11,"1.6",".445",694,"98.4",".348"
2018,"Greiner, Grayson",116,"R",116,11,"9.5",".143",105,"90.5",".294"
2018,"Yelich, Christian",158,"L",649,11,"1.7",".487",638,"98.3",".421"
2018,"Zobrist, Ben",112,"R",135,12,"8.9",".335",123,"91.1",".346"
2018,"Bote, David",112,"R",209,12,"5.7",".397",197,"94.3",".309"
2018,"Happ, Ian",112,"R",117,12,"10.3",".339",105,"89.7",".266"
2018,"Martinez, Victor",116,"R",132,12,"9.1",".147",120,"90.9",".306"
2018,"Farmer, Kyle",119,"R",68,12,"17.6",".205",56,"82.4",".306"
2018,"Gardner, Brett",147,"L",609,12,"2.0",".205",597,"98.0",".307"
2018,"Cabrera, Melky",114,"L",205,12,"5.9",".169",193,"94.1",".322"
2018,"Ramírez, José",114,"R",189,12,"6.3",".339",177,"93.7",".347"
2018,"Sánchez, Yolmer",145,"L",512,12,"2.3",".115",500,"97.7",".319"
2018,"Abreu, José",145,"R",546,12,"2.2",".420",534,"97.8",".335"
2018,"Arcia, Francisco",108,"L",106,13,"12.3",".096",93,"87.7",".302"
2018,"Hanson, Alen",137,"L",234,13,"5.6",".053",221,"94.4",".347"
2018,"Shaw, Chris",137,"L",62,13,"21.0",".188",49,"79.0",".267"
2018,"Almonte, Abraham",118,"L",105,13,"12.4",".333",92,"87.6",".271"
2018,"Cabrera, Miguel",116,"R",152,13,"8.6",".412",139,"91.4",".358"
2018,"Cain, Lorenzo",158,"R",619,13,"2.1",".486",606,"97.9",".356"
2018,"Osuna, José",134,"R",111,13,"11.7",".053",98,"88.3",".306"
2018,"Bogaerts, Xander",111,"R",575,13,"2.3",".405",562,"97.7",".373"
2018,"Skole, Matt",145,"L",13,13,"100.0",".398",0,"0.0",".000"
2018,"Casali, Curt",113,"R",155,14,"9.0",".264",141,"91.0",".355"
2018,"Forsythe, Logan",142,"R",415,14,"3.4",".112",401,"96.6",".279"
2018,"Flaherty, Ryan",144,"L",178,14,"7.9",".301",164,"92.1",".254"
2018,"Mancini, Trey",110,"R",635,14,"2.2",".416",621,"97.8",".305"
2018,"Kingery, Scott",143,"R",480,14,"2.9",".439",466,"97.1",".255"
2018,"Solarte, Yangervis",141,"R",172,14,"8.1",".271",158,"91.9",".299"
2018,"Blash, Jabari",108,"R",45,15,"33.3",".246",30,"66.7",".121"
2018,"Hundley, Nick",137,"R",303,15,"5.0",".329",288,"95.0",".302"
2018,"Mahtook, Mikie",116,"R",248,15,"6.0",".462",233,"94.0",".262"
2018,"Cervelli, Francisco",134,"R",403,15,"3.7",".408",388,"96.3",".353"
2018,"Hernández, César",143,"L",526,15,"2.9",".372",511,"97.1",".320"
2018,"Ramos, Wilson",143,"R",410,15,"3.7",".235",395,"96.3",".367"
2018,"Flores, Wilmer",121,"R",421,16,"3.8",".335",405,"96.2",".319"
2018,"Galvis, Freddy",135,"L",443,16,"3.6",".298",427,"96.4",".277"
2018,"Spangenberg, Cory",135,"L",329,16,"4.9",".000",313,"95.1",".306"
2018,"Kratz, Erik",158,"R",219,16,"7.3",".458",203,"92.7",".263"
2018,"Dickerson, Corey",134,"L",529,16,"3.0",".541",513,"97.0",".334"
2018,"Herrera, Odúbel",143,"L",590,16,"2.7",".280",574,"97.3",".317"
2018,"Allen, Greg",114,"L",238,16,"6.7",".274",222,"93.3",".304"
2018,"García, Leury",145,"L",191,16,"8.4",".208",175,"91.6",".280"
2018,"Pérez, Michael",139,"L",80,17,"21.3",".196",63,"78.8",".326"
2018,"Altuve, Jose",117,"R",595,17,"2.9",".452",578,"97.1",".361"
2018,"Cordero, Franchy",135,"L",142,17,"12.0",".296",125,"88.0",".313"
2018,"Bonifacio, Jorge",118,"R",269,17,"6.3",".312",252,"93.7",".295"
2018,"O'Brien, Peter",146,"R",74,17,"23.0",".299",57,"77.0",".386"
2018,"Murphy, Tom",115,"R",95,17,"17.9",".166",78,"82.1",".290"
2018,"Laureano, Ramón",133,"R",175,17,"9.7",".405",158,"90.3",".355"
2018,"Bader, Harrison",138,"R",423,17,"4.0",".691",406,"96.0",".307"
2018,"Zimmer, Bradley",114,"L",107,17,"15.9",".196",90,"84.1",".268"
2018,"Rendon, Anthony",120,"R",592,17,"2.9",".369",575,"97.1",".383"
2018,"Anderson, Tim",145,"R",604,17,"2.8",".280",587,"97.2",".295"
2018,"Caratini, Victor",112,"L",147,18,"12.2",".361",129,"87.8",".274"
2018,"La Stella, Tommy",112,"L",189,18,"9.5",".205",171,"90.5",".310"
2018,"Fernández, José Miguel",108,"L",123,18,"14.6",".334",105,"85.4",".299"
2018,"Gurriel, Yuli",117,"R",573,18,"3.1",".269",555,"96.9",".325"
2018,"Reyes, Franmil",135,"R",281,18,"6.4",".378",263,"93.6",".356"
2018,"Bandy, Jett",158,"R",71,18,"25.4",".125",53,"74.6",".286"
2018,"Piña, Manny",158,"R",334,18,"5.4",".360",316,"94.6",".298"
2018,"Riddle, JT",146,"L",331,18,"5.4",".455",313,"94.6",".272"
2018,"Rua, Ryan",140,"R",147,18,"12.2",".174",129,"87.8",".258"
2018,"Ramirez, Hanley",111,"R",195,18,"9.2",".447",177,"90.8",".294"
2018,"O'Neill, Tyler",138,"R",142,18,"12.7",".323",124,"87.3",".342"
2018,"Stassi, Max",117,"R",250,19,"7.6",".270",231,"92.4",".316"
2018,"Mullins, Cedric",110,"L",136,19,"14.0",".139",117,"86.0",".355"
2018,"Gamel, Ben",136,"L",292,19,"6.5",".268",273,"93.5",".327"
2018,"Canha, Mark",133,"R",407,19,"4.7",".308",388,"95.3",".336"
2018,"Jansen, Danny",141,"R",95,19,"20.0",".193",76,"80.0",".377"
2018,"Adames, Willy",139,"R",320,21,"6.6",".312",299,"93.4",".329"
2018,"Headley, Chase",135,"L",45,21,"46.7",".240",24,"53.3",".154"
2018,"Mondesi, Adalberto",118,"L",198,21,"10.6",".264",177,"89.4",".343"
2018,"Valencia, Danny",110,"R",280,21,"7.5",".317",259,"92.5",".309"
2018,"Iannetta, Chris",115,"R",355,21,"5.9",".267",334,"94.1",".323"
2018,"Chisenhall, Lonnie",114,"L",94,21,"22.3",".260",73,"77.7",".397"
2018,"Engel, Adam",145,"R",463,21,"4.5",".381",442,"95.5",".264"
2018,"Contreras, Willson",112,"R",541,22,"4.1",".302",519,"95.9",".322"
2018,"Albies, Ozzie",144,"R",198,22,"11.1",".300",176,"88.9",".394"
2018,"Stewart, Christin",116,"L",72,22,"30.6",".311",50,"69.4",".364"
2018,"Souza Jr., Steven",109,"R",272,22,"8.1",".367",250,"91.9",".293"
2018,"Beltré, Adrian",140,"R",479,22,"4.6",".355",457,"95.4",".326"
2018,"Morales, Kendrys",141,"R",151,22,"14.6",".225",129,"85.4",".260"
2018,"Hicks, John",116,"R",311,25,"8.0",".302",286,"92.0",".313"
2018,"Peterson, Jace",110,"L",246,25,"10.2",".155",221,"89.8",".301"
2018,"Núñez, Renato",110,"R",261,25,"9.6",".397",236,"90.4",".314"
2018,"McMahon, Ryan",115,"L",200,25,"12.5",".252",175,"87.5",".302"
2018,"Martin, Russell",141,"R",352,25,"7.1",".323",327,"92.9",".304"
2018,"Donaldson, Josh",114,"R",217,25,"11.5",".434",192,"88.5",".333"
2018,"Field, Johnny",142,"R",233,26,"11.2",".248",207,"88.8",".285"
2018,"Tucker, Kyle",117,"L",72,26,"36.1",".181",46,"63.9",".222"
2018,"Hernández, Enrique",119,"R",449,26,"5.8",".254",423,"94.2",".347"
2018,"Parra, Gerardo",115,"L",439,26,"5.9",".222",413,"94.1",".319"
2018,"Reyes, José",121,"R",67,1,"1.5",".000",66,"98.5",".274"
2018,"Peraza, José",113,"R",678,1,"0.1",".000",677,"99.9",".320"
2018,"Herrera, Dilson",113,"R",97,1,"1.0",".000",96,"99.0",".298"
2018,"Blandino, Alex",113,"R",146,1,"0.7",".880",145,"99.3",".275"
2018,"Petit, Gregorio",142,"R",66,1,"1.5",".000",65,"98.5",".278"
2018,"Grossman, Robbie",142,"R",152,1,"0.7",".690",151,"99.3",".390"
2018,"Straw, Myles",117,"R",10,1,"10.0","2.031",9,"90.0",".272"
2018,"Kemp, Tony",117,"L",293,1,"0.3",".000",292,"99.7",".328"
2018,"Inciarte, Ender",144,"L",658,1,"0.2",".000",657,"99.8",".308"
2018,"Adams, Lane",144,"R",29,1,"3.4",".690",28,"96.6",".358"
2018,"Garcia, Aramis",137,"R",65,1,"1.5",".880",64,"98.5",".333"
2018,"Pence, Hunter",137,"R",247,1,"0.4",".000",246,"99.6",".256"
2018,"Sandoval, Pablo",137,"L",191,1,"0.5",".000",190,"99.5",".349"
2018,"Gómez, Miguel",137,"L",10,1,"10.0",".000",9,"90.0",".195"
2018,"Ellis, A.J.",135,"R",175,1,"0.6",".690",174,"99.4",".323"
2018,"Herrera, Rosell",118,"R",100,1,"1.0",".690",99,"99.0",".221"
2018,"Broxton, Keon",158,"R",89,1,"1.1","1.247",88,"98.9",".289"
2018,"Owings, Chris",109,"R",304,1,"0.3",".000",303,"99.7",".250"
2018,"Marte, Ketel",109,"R",211,1,"0.5",".000",210,"99.5",".410"
2018,"Marte, Ketel",109,"L",366,1,"0.3",".000",365,"99.7",".286"
2018,"Toles, Andrew",119,"L",31,1,"3.2",".690",30,"96.8",".230"
2018,"Andreoli, John",110,"R",67,1,"1.5",".000",66,"98.5",".250"
2018,"Santander, Anthony",110,"R",28,1,"3.6",".690",27,"96.4",".240"
2018,"Mullins, Cedric",110,"R",55,1,"1.8",".000",54,"98.2",".234"
2018,"Frazier, Adam",134,"L",350,1,"0.3",".000",349,"99.7",".344"
2018,"Moroff, Max",134,"R",27,1,"3.7",".000",26,"96.3",".360"
2018,"Kramer, Kevin",134,"L",40,1,"2.5",".000",39,"97.5",".148"
2018,"Pérez, Carlos",140,"R",75,1,"1.3",".000",74,"98.7",".178"
2018,"DeShields, Delino",140,"R",393,1,"0.3",".000",392,"99.7",".272"
2018,"Alberto, Hanser",140,"R",30,1,"3.3","1.247",29,"96.7",".188"
2018,"Centeno, Juan",140,"L",38,1,"2.6",".000",37,"97.4",".202"
2018,"León, Sandy",111,"R",82,1,"1.2","1.247",81,"98.8",".204"
2018,"Travis, Sam",111,"R",38,1,"2.6",".000",37,"97.4",".288"
2018,"Phillips, Brandon",111,"R",27,1,"3.7",".000",26,"96.3",".252"
2018,"Núñez, Eduardo",111,"R",502,1,"0.2",".880",501,"99.8",".291"
2018,"Tapia, Raimel",115,"L",27,1,"3.7",".000",26,"96.3",".322"
2018,"Tauchman, Mike",115,"L",37,1,"2.7",".690",36,"97.3",".145"
2018,"Cuevas, Noel",115,"R",152,1,"0.7",".000",151,"99.3",".255"
2018,"Hicks, Aaron",147,"R",166,1,"0.6",".000",165,"99.4",".345"
2018,"Frazier, Clint",147,"R",41,1,"2.4",".000",40,"97.6",".348"
2018,"Freitas, David",136,"R",103,1,"1.0",".000",102,"99.0",".265"
2018,"Velasquez, Vince",143,"R",45,1,"2.2",".000",44,"97.8",".207"
2018,"Drury, Brandon",141,"R",86,1,"1.2",".000",85,"98.8",".239"
2018,"Fowler, Dexter",138,"R",72,1,"1.4",".000",71,"98.6",".255"
2018,"Garcia, Greg",138,"L",207,1,"0.5",".000",206,"99.5",".277"
2018,"Rosales, Adam",114,"R",21,1,"4.8",".000",20,"95.2",".301"
2018,"Smith, Kevan",145,"R",187,1,"0.5",".880",186,"99.5",".319"
2018,"Sánchez, Yolmer",145,"R",150,1,"0.7",".000",149,"99.3",".238"
2018,"Tilson, Charlie",145,"L",120,1,"0.8",".000",119,"99.2",".285"